dense,moe,thick,reinf_ring,hoop,drumhead,tune_att,tune_res,RMS,Spectral Flatness,ZCR,Spectral Kurtosis,Spectral Entropy,Spectral Slope,Inharmonicity,Effective Duration,name_file,wood,f0,hoop_top_thickness_mm,hoop_material_density_kg_m3,hoop_effective_thickness_mm,batter_film_total_mil,batter_control_ring_mil,batter_effective_total_mil,batter_is_coated_proxy,batter_dry_vents_proxy,batter_damping_proxy,config_id,wood_acoustic_velocity_m_s,wood_acoustic_impedance_rayl
690,11.359,5.5,True,STEEL,SIMPLE,60,60,0.2080490849207695,-0.7062183770500834,-0.507640946109086,1.243508225952219,0.9391306436624056,1.8737276691074805,-0.6206919790652666,2.5178571428571423,0001.wav,copaiba,113.66,2.3,7850.0,2.3,15.0,0.0,15.0,0.0,0.0,0.0,8,128.3055682368451,88530.84208342311
690,11.359,5.5,True,STEEL,SIMPLE,70,60,0.98441308227517,-0.9640933819965448,-1.3719718182191254,0.824550950428385,-0.8591792803304523,0.2892723428095996,-1.0170540865451023,-0.0178571428571428,0002.wav,copaiba,128.947,2.3,7850.0,2.3,15.0,0.0,15.0,0.0,0.0,0.0,8,128.3055682368451,88530.84208342311
690,11.359,5.5,True,STEEL,SIMPLE,80,60,0.0670181393340541,-0.6692593275959149,-0.6952988124706592,0.0292405233809132,-0.6038589834948717,-0.2522693435663014,-0.7519648751848798,-0.2678571428571428,0003.wav,copaiba,146.026,2.3,7850.0,2.3,15.0,0.0,15.0,0.0,0.0,0.0,8,128.3055682368451,88530.84208342311
690,11.359,5.5,True,STEEL,SIMPLE,85,60,-0.3180491541398104,-0.7380133424647286,-0.7030915087119911,-0.3011784559120589,-0.1511963585795237,-0.3960817098735926,-0.6152000583823819,-0.7678571428571428,0004.wav,copaiba,145.066,2.3,7850.0,2.3,15.0,0.0,15.0,0.0,0.0,0.0,8,128.3055682368451,88530.84208342311
690,11.359,5.5,True,STEEL,SIMPLE,85,70,-0.3626644512080667,-0.9789096213344554,-1.3421052275552987,-0.3165807280583481,-0.6937880326868013,-0.3225032468449414,-0.9093997819155956,-0.6607142857142857,0005.wav,copaiba,168.321,2.3,7850.0,2.3,15.0,0.0,15.0,0.0,0.0,0.0,8,128.3055682368451,88530.84208342311
690,11.359,5.5,True,STEEL,SIMPLE,85,80,-0.4071421750815749,0.702139025450232,1.1574760503115955,-0.3059249503896936,0.8080460360153519,-0.3785964883387127,0.6866619531163137,-0.5892857142857143,0006.wav,copaiba,196.875,2.3,7850.0,2.3,15.0,0.0,15.0,0.0,0.0,0.0,8,128.3055682368451,88530.84208342311
690,11.359,5.5,True,STEEL,SIMPLE,85,85,-0.0160875272384999,0.8215522600528458,0.667957632625782,-0.274053695374906,0.3084780312171747,-0.5511175245040046,0.4869186139285387,-0.875,0007.wav,copaiba,216.176,2.3,7850.0,2.3,15.0,0.0,15.0,0.0,0.0,0.0,8,128.3055682368451,88530.84208342311
690,11.359,5.5,True,STEEL,SIMPLE,80,85,-0.319349730776542,-0.9922241843366404,-1.293200647046329,-0.3128185333173093,-0.4602057915154935,-0.2964705776503052,-0.4492962955825828,-0.8035714285714285,0008.wav,copaiba,200.455,2.3,7850.0,2.3,15.0,0.0,15.0,0.0,0.0,0.0,8,128.3055682368451,88530.84208342311
690,11.359,5.5,True,STEEL,SIMPLE,70,85,0.3402485682434525,-0.9783913427021588,-1.2826011370662211,0.0047170602771502,-0.7155750608543795,0.0033082101969777,-0.8782278190434284,-0.2321428571428572,0009.wav,copaiba,156.383,2.3,7850.0,2.3,15.0,0.0,15.0,0.0,0.0,0.0,8,128.3055682368451,88530.84208342311
690,11.359,5.5,True,STEEL,SIMPLE,60,85,-0.1552321879716205,-0.9136770860706824,-1.0954375296792145,0.2271919169516435,-0.2053577183171221,0.7648363522763214,-0.6022006263034448,1.4107142857142854,0010.wav,copaiba,202.294,2.3,7850.0,2.3,15.0,0.0,15.0,0.0,0.0,0.0,8,128.3055682368451,88530.84208342311
690,11.359,5.5,True,STEEL,SIMPLE,60,80,1.7539381373004466,-0.6525940977327155,-0.7381730727169499,2.146530059747904,-0.2842470187047402,0.740700982632468,-0.5422908710795348,1.1964285714285712,0011.wav,copaiba,160.949,2.3,7850.0,2.3,15.0,0.0,15.0,0.0,0.0,0.0,8,128.3055682368451,88530.84208342311
690,11.359,5.5,True,STEEL,SIMPLE,60,70,0.9356655348300456,-0.8518700918154257,-1.1391559986849824,1.3456172671849471,-0.0428702789334245,0.4730507190990028,-1.0067181287323748,0.0535714285714286,0012.wav,copaiba,126.0,2.3,7850.0,2.3,15.0,0.0,15.0,0.0,0.0,0.0,8,128.3055682368451,88530.84208342311
690,11.359,5.5,True,STEEL,SIMPLE,70,70,2.336563762102328,-0.9384771916009714,-1.2792838295690432,2.8626790891454164,-0.7305860646221883,0.6326866428697816,-0.9049369819497876,0.8749999999999997,0013.wav,copaiba,140.446,2.3,7850.0,2.3,15.0,0.0,15.0,0.0,0.0,0.0,8,128.3055682368451,88530.84208342311
690,11.359,5.5,True,STEEL,SIMPLE,70,80,0.6459747562229637,-0.814340373496953,-0.8517191508666895,0.5530001099323096,0.1560097173737501,0.7234580049803906,-0.6089554281642053,0.482142857142857,0014.wav,copaiba,147.0,2.3,7850.0,2.3,15.0,0.0,15.0,0.0,0.0,0.0,8,128.3055682368451,88530.84208342311
690,11.359,5.5,True,STEEL,SIMPLE,80,80,0.2030754679758248,0.3434746519479046,0.12501595292995,-0.2080718701201166,-0.5429382806681985,-0.537758392488658,0.1664109192046965,-0.8392857142857143,0015.wav,copaiba,186.864,2.3,7850.0,2.3,15.0,0.0,15.0,0.0,0.0,0.0,8,128.3055682368451,88530.84208342311
690,11.359,5.5,True,STEEL,SIMPLE,80,70,-0.1445249318209998,-0.7477024255626364,-0.8757051420521037,-0.1565996625261392,-0.3403092574524741,-0.177744426609962,-0.5718214471405998,-0.1964285714285714,0016.wav,copaiba,157.5,2.3,7850.0,2.3,15.0,0.0,15.0,0.0,0.0,0.0,8,128.3055682368451,88530.84208342311
550,14.367,5.5,True,STEEL,SIMPLE,60,60,1.5385797463092667,0.4228090014892045,0.2953837745060675,1.2644113281649336,1.3071892298249257,1.56159671413438,-0.1699441389197507,1.0535714285714284,0017.wav,araucaria,113.077,2.3,7850.0,2.3,15.0,0.0,15.0,0.0,0.0,0.0,5,161.62245568552095,88892.35062703652
550,14.367,5.5,True,STEEL,SIMPLE,70,60,0.0513151610746035,1.040241462732677,1.1918865765846618,0.0098511043333632,0.5405136797500826,-0.2376771223913648,0.0899301898011339,-0.4464285714285714,0018.wav,araucaria,125.284,2.3,7850.0,2.3,15.0,0.0,15.0,0.0,0.0,0.0,5,161.62245568552095,88892.35062703652
550,14.367,5.5,True,STEEL,SIMPLE,80,60,0.0144685935590882,1.7396200051412858,1.1878224690310224,-0.1396366338623561,-0.2539416339651177,-0.5382708856452044,0.3072263423146479,-0.4821428571428572,0019.wav,araucaria,132.831,2.3,7850.0,2.3,15.0,0.0,15.0,0.0,0.0,0.0,5,161.62245568552095,88892.35062703652
550,14.367,5.5,True,STEEL,SIMPLE,85,60,-0.1902511256974678,0.2326404559907098,0.2790894631292275,-0.1785977775225957,-0.5468423740143671,-0.5213847662785231,-0.4058222254225882,-0.4821428571428572,0020.wav,araucaria,134.451,2.3,7850.0,2.3,15.0,0.0,15.0,0.0,0.0,0.0,5,161.62245568552095,88892.35062703652
550,14.367,5.5,True,STEEL,SIMPLE,85,70,-0.0192852278970931,-0.0984134525719843,-0.1688787311253726,-0.1165211885170007,-0.2725749144985704,0.3810355203024397,0.0551739065651689,0.2678571428571428,0021.wav,araucaria,168.321,2.3,7850.0,2.3,15.0,0.0,15.0,0.0,0.0,0.0,5,161.62245568552095,88892.35062703652
550,14.367,5.5,True,STEEL,SIMPLE,85,80,-0.0773745883309866,0.5866217603820103,0.4133403022646166,-0.3063302155436887,-0.5770458805406014,-0.7764166039334962,0.5787801305748965,-0.9464285714285714,0022.wav,araucaria,195.133,2.3,7850.0,2.3,15.0,0.0,15.0,0.0,0.0,0.0,5,161.62245568552095,88892.35062703652
550,14.367,5.5,True,STEEL,SIMPLE,85,85,-0.4177773170663252,0.6311031152889802,0.4318497597026505,-0.3042505258188736,-0.6417146305779462,-0.8103553775206721,0.2032509483950199,-0.9107142857142856,0023.wav,araucaria,216.176,2.3,7850.0,2.3,15.0,0.0,15.0,0.0,0.0,0.0,5,161.62245568552095,88892.35062703652
550,14.367,5.5,True,STEEL,SIMPLE,80,85,-0.35225486220588,0.4544873322694486,0.2512359856610781,-0.2006556124575153,-0.5094174869947351,-0.3818735042881672,0.5163046781593615,0.1964285714285713,0024.wav,araucaria,182.231,2.3,7850.0,2.3,15.0,0.0,15.0,0.0,0.0,0.0,5,161.62245568552095,88892.35062703652
550,14.367,5.5,True,STEEL,SIMPLE,70,85,-0.1631546876938668,-0.1796351073977001,-0.3905773314615227,-0.112988086027522,-0.1115911312264907,0.432431453457908,0.0139523594314487,0.5178571428571428,0025.wav,araucaria,169.615,2.3,7850.0,2.3,15.0,0.0,15.0,0.0,0.0,0.0,5,161.62245568552095,88892.35062703652
550,14.367,5.5,True,STEEL,SIMPLE,60,85,0.991639134547452,-0.4903338234068418,-0.5086925993286917,1.7573806488328818,0.4481487227137004,1.6575584590648025,-0.3635745321352983,2.4821428571428568,0026.wav,araucaria,158.633,2.3,7850.0,2.3,15.0,0.0,15.0,0.0,0.0,0.0,5,161.62245568552095,88892.35062703652
550,14.367,5.5,True,STEEL,SIMPLE,60,80,2.7316977000337967,-0.8046449623958409,-1.0463435433588235,3.2174026221255114,-0.2040612964607282,1.7704661691914498,-0.5603039469633786,2.2678571428571423,0027.wav,araucaria,156.383,2.3,7850.0,2.3,15.0,0.0,15.0,0.0,0.0,0.0,5,161.62245568552095,88892.35062703652
550,14.367,5.5,True,STEEL,SIMPLE,60,70,2.2602073142567063,0.0492796283503038,0.1608172590183096,1.6979725863390656,0.906591028855021,1.658407644731423,-0.2126874491412636,1.232142857142857,0028.wav,araucaria,131.25,2.3,7850.0,2.3,15.0,0.0,15.0,0.0,0.0,0.0,5,161.62245568552095,88892.35062703652
550,14.367,5.5,True,STEEL,SIMPLE,70,70,2.030140542593319,0.3063178307223602,0.356536597486946,2.455790806509606,0.5980983244730108,0.8478831054542807,0.0506164110925158,0.9107142857142856,0029.wav,araucaria,139.557,2.3,7850.0,2.3,15.0,0.0,15.0,0.0,0.0,0.0,5,161.62245568552095,88892.35062703652
550,14.367,5.5,True,STEEL,SIMPLE,70,80,-0.3470687975629057,-0.4870296955419954,-0.5401267485651384,-0.0462569655514241,-0.7674736113195567,-0.1110482118245339,0.0572146052541178,0.1964285714285713,0030.wav,araucaria,156.383,2.3,7850.0,2.3,15.0,0.0,15.0,0.0,0.0,0.0,5,161.62245568552095,88892.35062703652
550,14.367,5.5,True,STEEL,SIMPLE,80,80,0.2518995298398441,0.3944548661456119,0.0609967886695639,-0.1137297794808736,-0.6957136015621124,-0.3994491567460601,0.2169313330915443,-0.4821428571428572,0031.wav,araucaria,183.75,2.3,7850.0,2.3,15.0,0.0,15.0,0.0,0.0,0.0,5,161.62245568552095,88892.35062703652
550,14.367,5.5,True,STEEL,SIMPLE,80,70,-0.2417037476438323,0.0347924018365252,-0.0087658813390625,-0.2051767081239931,-0.6423290997306026,-0.3252097525465644,0.234855394309985,-0.0178571428571428,0032.wav,araucaria,158.633,2.3,7850.0,2.3,15.0,0.0,15.0,0.0,0.0,0.0,5,161.62245568552095,88892.35062703652
530,9.31647,5.5,True,STEEL,SIMPLE,60,60,1.5163286523992043,-0.8918183209475673,-1.0060199480396723,1.5809986805830136,-0.1610821048279064,0.7717466558750854,-1.0124915031626769,0.3035714285714286,0033.wav,teca,117.287,2.3,7850.0,2.3,15.0,0.0,15.0,0.0,0.0,0.0,1,132.5829750873726,70268.97679630748
530,9.31647,5.5,True,STEEL,SIMPLE,70,60,0.2096479352500661,-0.6338636416730911,-0.8883664695793976,0.160762419035691,-0.5695135842049421,-0.1417264718057488,-0.828582985260084,-0.3035714285714286,0034.wav,teca,123.876,2.3,7850.0,2.3,15.0,0.0,15.0,0.0,0.0,0.0,1,132.5829750873726,70268.97679630748
530,9.31647,5.5,True,STEEL,SIMPLE,80,60,-0.0038670108748448,-0.1456756614897966,-0.0170762867982796,-0.1795492192219066,-0.4346819428983652,-0.4326467122786341,-0.5696400606619915,-0.4821428571428572,0035.wav,teca,134.451,2.3,7850.0,2.3,15.0,0.0,15.0,0.0,0.0,0.0,1,132.5829750873726,70268.97679630748
530,9.31647,5.5,True,STEEL,SIMPLE,85,60,-0.2616477498609757,-0.1076428885878319,-0.2103892695294305,-0.2477080289920349,-0.6878992210120657,-0.5583008412476406,-0.6516827275384215,-0.5178571428571428,0036.wav,teca,143.182,2.3,7850.0,2.3,15.0,0.0,15.0,0.0,0.0,0.0,1,132.5829750873726,70268.97679630748
530,9.31647,5.5,True,STEEL,SIMPLE,85,70,-0.3735063882365146,0.7107801305380376,0.555712141047802,-0.326482804247152,-0.2115431728367247,-0.6268801867832255,0.5276025482318432,-0.875,0037.wav,teca,147.987,2.3,7850.0,2.3,15.0,0.0,15.0,0.0,0.0,0.0,1,132.5829750873726,70268.97679630748
530,9.31647,5.5,True,STEEL,SIMPLE,85,80,-0.4071415573051452,0.3784601012246463,0.4419045024918138,-0.3316264259202934,-0.4759852292286792,-0.7958319333037228,0.2638326720726875,-0.9464285714285714,0038.wav,teca,169.615,2.3,7850.0,2.3,15.0,0.0,15.0,0.0,0.0,0.0,1,132.5829750873726,70268.97679630748
530,9.31647,5.5,True,STEEL,SIMPLE,85,85,-0.0810668695669107,-0.2195874323949294,-0.1312356790040503,-0.1919247422457855,-0.6350327456577497,-0.5604952477510753,-0.2117639237325815,-0.6964285714285714,0039.wav,teca,206.075,2.3,7850.0,2.3,15.0,0.0,15.0,0.0,0.0,0.0,1,132.5829750873726,70268.97679630748
530,9.31647,5.5,True,STEEL,SIMPLE,80,85,-0.3704936666894261,-0.3688593934591592,-0.571290318070983,-0.2422057045109582,-1.1273834963938665,-0.5365085787953426,-0.2022337683857183,-0.1249999999999999,0040.wav,teca,186.864,2.3,7850.0,2.3,15.0,0.0,15.0,0.0,0.0,0.0,1,132.5829750873726,70268.97679630748
530,9.31647,5.5,True,STEEL,SIMPLE,70,85,-0.214407015289419,-0.6739824885080644,-0.6742386901054855,0.0816910211105872,-0.1046885956528494,0.6740683691293279,-0.1098671801772815,0.482142857142857,0041.wav,teca,195.133,2.3,7850.0,2.3,15.0,0.0,15.0,0.0,0.0,0.0,1,132.5829750873726,70268.97679630748
530,9.31647,5.5,True,STEEL,SIMPLE,60,85,0.27011328629724,-0.2632531683683577,-0.4243727398136878,0.8305189388917475,-0.0309558661219399,0.6761001666871707,-0.436030036001099,0.589285714285714,0042.wav,teca,153.125,2.3,7850.0,2.3,15.0,0.0,15.0,0.0,0.0,0.0,1,132.5829750873726,70268.97679630748
530,9.31647,5.5,True,STEEL,SIMPLE,60,80,1.1355220955672898,0.3999191402549465,-0.2003345267402673,1.2822824567765594,-0.1323478363236347,0.68871435442297,0.1310038274773264,0.6964285714285713,0043.wav,teca,144.118,2.3,7850.0,2.3,15.0,0.0,15.0,0.0,0.0,0.0,1,132.5829750873726,70268.97679630748
530,9.31647,5.5,True,STEEL,SIMPLE,60,70,1.3907977398986289,-0.3613657373907276,-0.1628123335652803,1.5753064207467131,0.5268286830139982,0.9120710578024156,-0.5589894583941019,0.2678571428571428,0044.wav,teca,129.706,2.3,7850.0,2.3,15.0,0.0,15.0,0.0,0.0,0.0,1,132.5829750873726,70268.97679630748
530,9.31647,5.5,True,STEEL,SIMPLE,70,70,0.853710909301336,-0.5457780537827395,-0.5211067973687021,1.6939928761930372,0.2473572865484022,0.6157804398301754,-0.6335628469634189,0.4464285714285713,0045.wav,teca,139.557,2.3,7850.0,2.3,15.0,0.0,15.0,0.0,0.0,0.0,1,132.5829750873726,70268.97679630748
530,9.31647,5.5,True,STEEL,SIMPLE,70,80,0.917051728821364,-0.7111538728094761,-0.705983104099689,0.7637956565821463,-0.283514771271417,0.7495487902755174,-0.3659035531483032,0.0178571428571428,0046.wav,teca,164.552,2.3,7850.0,2.3,15.0,0.0,15.0,0.0,0.0,0.0,1,132.5829750873726,70268.97679630748
530,9.31647,5.5,True,STEEL,SIMPLE,80,80,0.1115018612550799,-0.5798690007983253,-0.8110690560059457,-0.0973464486783757,-0.8398580992901665,-0.3959496954697154,-0.6410423027346922,-0.5892857142857143,0047.wav,teca,179.268,2.3,7850.0,2.3,15.0,0.0,15.0,0.0,0.0,0.0,1,132.5829750873726,70268.97679630748
530,9.31647,5.5,True,STEEL,SIMPLE,80,70,-0.1871046443210473,-0.122184119841285,0.1045024016205917,-0.2386478543729764,-0.0169446549100037,-0.4001230144360391,-0.2398934823945057,-0.6964285714285714,0048.wav,teca,146.026,2.3,7850.0,2.3,15.0,0.0,15.0,0.0,0.0,0.0,1,132.5829750873726,70268.97679630748
530,9.31647,5.5,False,STEEL,SIMPLE,60,60,1.1486045785348775,-0.2840157803062918,-0.1437238355037585,1.0684687093340954,0.7211812763324706,1.2391397200020722,-0.6249417836417351,0.839285714285714,0049.wav,teca,113.077,2.3,7850.0,2.3,15.0,0.0,15.0,0.0,0.0,0.0,0,132.5829750873726,70268.97679630748
530,9.31647,5.5,False,STEEL,SIMPLE,70,60,0.8276827078354002,-0.0406717236080765,0.040380417062577,0.5694168706499884,0.4581862734401913,0.6694410534053182,-0.2882454861355125,0.089285714285714,0050.wav,teca,126.0,2.3,7850.0,2.3,15.0,0.0,15.0,0.0,0.0,0.0,0,132.5829750873726,70268.97679630748
530,9.31647,5.5,False,STEEL,SIMPLE,80,60,1.1121966547490574,0.5458446278438469,0.6990508514016711,0.3139083474824853,0.3732642712169626,-0.0033082101969774,0.1118743066932804,-0.1964285714285714,0051.wav,teca,146.026,2.3,7850.0,2.3,15.0,0.0,15.0,0.0,0.0,0.0,0,132.5829750873726,70268.97679630748
530,9.31647,5.5,False,STEEL,SIMPLE,85,60,0.0597980626446921,-0.0077421818929042,-0.0452851256459527,-0.2145842930624278,-0.3232231962002263,-0.2734650538728377,0.7099668347213952,-0.5178571428571428,0052.wav,teca,164.552,2.3,7850.0,2.3,15.0,0.0,15.0,0.0,0.0,0.0,0,132.5829750873726,70268.97679630748
530,9.31647,5.5,False,STEEL,SIMPLE,85,70,-0.4529882267116503,0.2762458592212594,0.3996309292474591,-0.3400253582164989,-0.0992689262023802,-0.5244087034902822,0.5892901812854222,0.089285714285714,0053.wav,teca,169.615,2.3,7850.0,2.3,15.0,0.0,15.0,0.0,0.0,0.0,0,132.5829750873726,70268.97679630748
530,9.31647,5.5,False,STEEL,SIMPLE,85,80,-0.3801876010108339,0.4455889461746549,0.3725765639170208,-0.2919968588925844,-0.4033304453675111,-0.401055664563168,0.9954770446892216,-0.2321428571428572,0054.wav,teca,193.421,2.3,7850.0,2.3,15.0,0.0,15.0,0.0,0.0,0.0,0,132.5829750873726,70268.97679630748
530,9.31647,5.5,False,STEEL,SIMPLE,85,85,-0.0291803439209121,0.6861215490657115,0.4335093153836753,-0.2363012222053997,-0.1241751826018206,-0.4699485292108865,0.5832607741685435,-0.6607142857142857,0055.wav,teca,212.019,2.3,7850.0,2.3,15.0,0.0,15.0,0.0,0.0,0.0,0,132.5829750873726,70268.97679630748
530,9.31647,5.5,False,STEEL,SIMPLE,80,85,-0.4417021119403309,-0.300214428289399,-0.3469905445913141,-0.3368456317314848,-0.5012735290270263,-0.6167311738683695,0.5314285098140636,-0.4107142857142857,0056.wav,teca,198.649,2.3,7850.0,2.3,15.0,0.0,15.0,0.0,0.0,0.0,0,132.5829750873726,70268.97679630748
530,9.31647,5.5,False,STEEL,SIMPLE,70,85,-0.0766495659130735,-0.3000603024031372,-0.4885344093988575,0.0711685358632243,-0.8262771484780275,0.0313736890079806,-0.0839123872004135,0.232142857142857,0057.wav,teca,212.019,2.3,7850.0,2.3,15.0,0.0,15.0,0.0,0.0,0.0,0,132.5829750873726,70268.97679630748
530,9.31647,5.5,False,STEEL,SIMPLE,60,85,0.116017829420892,-0.0640982515250379,0.2055025995947617,0.4323301389126061,1.5760161780250397,1.4306683589223383,0.0781615896121835,2.303571428571428,0058.wav,teca,180.738,2.3,7850.0,2.3,15.0,0.0,15.0,0.0,0.0,0.0,0,132.5829750873726,70268.97679630748
530,9.31647,5.5,False,STEEL,SIMPLE,60,80,1.636208550483503,1.7800018541916238,1.2813600780351944,2.293639207612259,1.2707562027369543,0.760041943376596,0.75827277459993,0.6964285714285713,0059.wav,teca,152.069,2.3,7850.0,2.3,15.0,0.0,15.0,0.0,0.0,0.0,0,132.5829750873726,70268.97679630748
530,9.31647,5.5,False,STEEL,SIMPLE,60,70,0.66703324958391,0.2837272927081595,0.3288166060192265,1.0639426742451157,0.6613876482843494,0.3927812841306816,-0.2004126273492432,0.589285714285714,0060.wav,teca,128.198,2.3,7850.0,2.3,15.0,0.0,15.0,0.0,0.0,0.0,0,132.5829750873726,70268.97679630748
530,9.31647,5.5,False,STEEL,SIMPLE,70,70,2.9111966628503527,0.2104258707148203,0.2651960958952604,1.9290493142773533,0.977998149001072,0.9521133306352644,-0.0236297673432308,0.3035714285714286,0061.wav,teca,138.679,2.3,7850.0,2.3,15.0,0.0,15.0,0.0,0.0,0.0,0,132.5829750873726,70268.97679630748
530,9.31647,5.5,False,STEEL,SIMPLE,70,80,0.9162489339670988,0.3950828121074118,0.687534978067258,0.6925600422832974,0.9371591445003634,0.8784019756292408,0.2892740784444646,0.482142857142857,0062.wav,teca,158.633,2.3,7850.0,2.3,15.0,0.0,15.0,0.0,0.0,0.0,0,132.5829750873726,70268.97679630748
530,9.31647,5.5,False,STEEL,SIMPLE,80,80,0.0001933752547994,0.2801797967748768,0.0681022123951668,0.1452698064971462,-0.5051933455252456,-0.2543009174129178,0.3753544790017967,0.0178571428571428,0063.wav,teca,168.321,2.3,7850.0,2.3,15.0,0.0,15.0,0.0,0.0,0.0,0,132.5829750873726,70268.97679630748
530,9.31647,5.5,False,STEEL,SIMPLE,80,70,0.3663685151253503,1.2440626318017962,1.3080915515537817,-0.1955045088658334,0.5899006775838963,-0.2496934083932883,0.9167858764530432,-0.6607142857142857,0064.wav,teca,151.027,2.3,7850.0,2.3,15.0,0.0,15.0,0.0,0.0,0.0,0,132.5829750873726,70268.97679630748
530,9.31647,8.5,False,STEEL,SIMPLE,60,60,1.2819856996831245,-0.7568792004559283,-1.0317863538524463,0.8112347168808774,-0.5281672006596214,0.2777249434367079,-0.9985387694631448,-0.0535714285714286,0065.wav,teca,115.445,2.3,7850.0,2.3,15.0,0.0,15.0,0.0,0.0,0.0,2,132.5829750873726,70268.97679630748
530,9.31647,8.5,False,STEEL,SIMPLE,70,60,1.7638477205250196,-0.0490118584612922,-0.2166865617929695,0.5336213690817648,0.2177904724925023,0.4512802502721432,-0.3382493580500675,-0.3035714285714286,0066.wav,teca,127.457,2.3,7850.0,2.3,15.0,0.0,15.0,0.0,0.0,0.0,2,132.5829750873726,70268.97679630748
530,9.31647,8.5,False,STEEL,SIMPLE,80,60,0.5158705908330936,0.1138204066747604,-0.2210970114017788,0.08333109763936,-0.8753390011837608,-0.4391602981719385,-0.3789963769381709,-0.3392857142857143,0067.wav,teca,147.0,2.3,7850.0,2.3,15.0,0.0,15.0,0.0,0.0,0.0,2,132.5829750873726,70268.97679630748
530,9.31647,8.5,False,STEEL,SIMPLE,85,60,-0.219839067274407,0.8642967947926948,0.8362762637088094,-0.2747554274420829,0.0616178427441527,-0.4280942909038999,0.4782535841212287,-0.6249999999999999,0068.wav,teca,151.027,2.3,7850.0,2.3,15.0,0.0,15.0,0.0,0.0,0.0,2,132.5829750873726,70268.97679630748
530,9.31647,8.5,False,STEEL,SIMPLE,85,70,-0.3668543738227234,0.8955212430417429,0.7829666451856421,-0.2644087438418783,0.074275555597212,-0.4185336747520451,1.3034230510173803,-0.3749999999999999,0069.wav,teca,172.266,2.3,7850.0,2.3,15.0,0.0,15.0,0.0,0.0,0.0,2,132.5829750873726,70268.97679630748
530,9.31647,8.5,False,STEEL,SIMPLE,85,80,-0.0001933752547994,0.7571250390461636,0.4031610927993773,-0.2764223802560832,-0.2605142919510801,-0.5020580400860969,0.4699179662615001,-0.875,0070.wav,teca,193.421,2.3,7850.0,2.3,15.0,0.0,15.0,0.0,0.0,0.0,2,132.5829750873726,70268.97679630748
530,9.31647,8.5,False,STEEL,SIMPLE,85,85,-0.104731009120809,0.4868015840292294,0.4657010878658069,-0.2833602295688558,-0.2070884306403679,-0.5657300919139598,0.2691244794197452,-0.9107142857142856,0071.wav,teca,210.0,2.3,7850.0,2.3,15.0,0.0,15.0,0.0,0.0,0.0,2,132.5829750873726,70268.97679630748
530,9.31647,8.5,False,STEEL,SIMPLE,80,85,-0.2510661157392628,0.8476411436192771,0.8185947802464174,-0.2432222005486112,0.1177687713435459,-0.3561407777458679,1.010038505677739,-0.6249999999999999,0072.wav,teca,186.864,2.3,7850.0,2.3,15.0,0.0,15.0,0.0,0.0,0.0,2,132.5829750873726,70268.97679630748
530,9.31647,8.5,False,STEEL,SIMPLE,70,85,-0.1841547731014582,0.8778714885704343,0.3902544396496714,-0.0197578566040967,-0.0734937133474719,0.3053580408177516,0.8801040902109751,1.232142857142857,0073.wav,teca,210.0,2.3,7850.0,2.3,15.0,0.0,15.0,0.0,0.0,0.0,2,132.5829750873726,70268.97679630748
530,9.31647,8.5,False,STEEL,SIMPLE,60,85,0.2819565771406125,0.1692435726016358,0.3398255933249788,0.2799268810752545,0.505792926111551,0.6596705420546711,0.1084189456437073,0.482142857142857,0074.wav,teca,183.75,2.3,7850.0,2.3,15.0,0.0,15.0,0.0,0.0,0.0,2,132.5829750873726,70268.97679630748
530,9.31647,8.5,False,STEEL,SIMPLE,60,80,1.143595512455166,2.661061182732405,1.9565448952653508,1.6338420556774458,0.952845432302104,0.6597630431215288,1.4192765041241022,0.5535714285714286,0075.wav,teca,150.0,2.3,7850.0,2.3,15.0,0.0,15.0,0.0,0.0,0.0,2,132.5829750873726,70268.97679630748
530,9.31647,8.5,False,STEEL,SIMPLE,60,70,1.310393890460685,-0.0662164855839201,-0.3525915450147716,1.0590402472523404,-0.2230315661315868,0.210925434227453,-0.6157447043052529,0.1607142857142855,0076.wav,teca,128.198,2.3,7850.0,2.3,15.0,0.0,15.0,0.0,0.0,0.0,2,132.5829750873726,70268.97679630748
530,9.31647,8.5,False,STEEL,SIMPLE,70,70,1.951664874483204,-0.0391510957696041,-0.229937753132975,1.8825206984739304,0.2752551869903161,0.4867460959798174,-0.3347693919960045,0.4107142857142855,0077.wav,teca,140.446,2.3,7850.0,2.3,15.0,0.0,15.0,0.0,0.0,0.0,2,132.5829750873726,70268.97679630748
530,9.31647,8.5,False,STEEL,SIMPLE,70,80,0.0008527111897858,-0.0100996664838913,0.0645522063296716,-0.062750513487791,0.1056686195166722,-0.0229638512227601,-0.2767343266733835,-0.6249999999999999,0078.wav,teca,156.383,2.3,7850.0,2.3,15.0,0.0,15.0,0.0,0.0,0.0,2,132.5829750873726,70268.97679630748
530,9.31647,8.5,False,STEEL,SIMPLE,80,80,0.0973100764656988,1.0220178537242184,1.0519247012687032,-0.1972880142648774,0.3943755409997,-0.4650615867931883,0.6701084929021035,-0.8035714285714285,0079.wav,teca,183.75,2.3,7850.0,2.3,15.0,0.0,15.0,0.0,0.0,0.0,2,132.5829750873726,70268.97679630748
530,9.31647,8.5,False,STEEL,SIMPLE,80,70,-0.1796842508162757,0.9201865859421502,0.5888599619113928,-0.1923576903089516,-0.2568348227958711,-0.4665694506521041,0.4509260344605338,-0.5178571428571428,0080.wav,teca,151.027,2.3,7850.0,2.3,15.0,0.0,15.0,0.0,0.0,0.0,2,132.5829750873726,70268.97679630748
690,11.359,5.5,True,ALUMINUM,SIMPLE,60,60,1.24771999990958,-1.0443859960162185,-1.536682719560795,0.7703388092735598,-0.4758337087090122,0.3582420072570068,-1.3876166346895826,-0.1249999999999999,0161.wav,copaiba,110.804,3.5,2700.0,3.5,15.0,0.0,15.0,0.0,0.0,0.0,7,128.3055682368451,88530.84208342311
690,11.359,5.5,True,ALUMINUM,SIMPLE,70,60,1.7119803796452382,0.5681349757882362,0.8482575341798566,1.179375775355755,0.5391035458397492,-0.0546102081867044,-0.4075456695337572,-0.1607142857142857,0162.wav,copaiba,122.5,3.5,2700.0,3.5,15.0,0.0,15.0,0.0,0.0,0.0,7,128.3055682368451,88530.84208342311
690,11.359,5.5,True,ALUMINUM,SIMPLE,80,60,0.3635262942567137,0.2301222574553304,0.1293019358626826,0.4061662436807177,0.2952165784495824,0.0535641484025386,-0.4273862911940018,-0.2321428571428572,0163.wav,copaiba,138.679,3.5,2700.0,3.5,15.0,0.0,15.0,0.0,0.0,0.0,7,128.3055682368451,88530.84208342311
690,11.359,5.5,True,ALUMINUM,SIMPLE,85,60,-0.0454922924878793,-0.9657379043361082,-1.2188525525364369,-0.1086202268293086,-0.475736623075898,0.0738425007406429,-0.9176403114599192,-0.3035714285714286,0164.wav,copaiba,155.282,3.5,2700.0,3.5,15.0,0.0,15.0,0.0,0.0,0.0,7,128.3055682368451,88530.84208342311
690,11.359,5.5,True,ALUMINUM,SIMPLE,85,70,-0.357539108371984,-0.313436921012087,-0.161416142155375,-0.1686372811921491,-0.6033159463492914,-0.3201930083936405,0.4410350276507132,0.2678571428571428,0165.wav,copaiba,175.0,3.5,2700.0,3.5,15.0,0.0,15.0,0.0,0.0,0.0,7,128.3055682368451,88530.84208342311
690,11.359,5.5,True,ALUMINUM,SIMPLE,85,80,-0.3828237709755632,-0.0957009063217575,-0.0204675527551555,-0.1622046271711424,0.1321215562179384,-0.1332284480853125,0.7566336556391944,0.5178571428571428,0166.wav,copaiba,188.462,3.5,2700.0,3.5,15.0,0.0,15.0,0.0,0.0,0.0,7,128.3055682368451,88530.84208342311
690,11.359,5.5,True,ALUMINUM,SIMPLE,85,85,-0.2374282405290626,-0.767264602289983,-1.064124239389103,-0.1295724435086335,-0.586743596589253,-0.3293924872737888,-0.4185898880693851,-0.3035714285714286,0167.wav,copaiba,202.294,3.5,2700.0,3.5,15.0,0.0,15.0,0.0,0.0,0.0,7,128.3055682368451,88530.84208342311
690,11.359,5.5,True,ALUMINUM,SIMPLE,80,85,-0.3837268983381631,1.2021036363090247,0.8485154868563646,-0.2331043073908258,-0.1685795346246064,-0.5475927296494058,0.8259813055461042,-0.4464285714285714,0168.wav,copaiba,195.133,3.5,2700.0,3.5,15.0,0.0,15.0,0.0,0.0,0.0,7,128.3055682368451,88530.84208342311
690,11.359,5.5,True,ALUMINUM,SIMPLE,70,85,0.4640268827098235,0.1540151895481844,0.414934918810297,-0.1014476673290042,1.0606071829885046,0.0867360484894637,-0.0263566310257664,-0.7678571428571428,0169.wav,copaiba,173.622,3.5,2700.0,3.5,15.0,0.0,15.0,0.0,0.0,0.0,7,128.3055682368451,88530.84208342311
690,11.359,5.5,True,ALUMINUM,SIMPLE,60,85,-0.1765125192323279,-0.5720870738442,-0.9778922831111798,0.0524424651438879,0.7057499343299126,1.3212591827058229,0.052367644144251,1.803571428571428,0170.wav,copaiba,190.086,3.5,2700.0,3.5,15.0,0.0,15.0,0.0,0.0,0.0,7,128.3055682368451,88530.84208342311
690,11.359,5.5,True,ALUMINUM,SIMPLE,60,80,0.4868793988226613,-0.9264999177142872,-1.0112890373269248,0.8684818957318253,0.1040320236623736,0.8903253734218055,-0.968761290710918,1.1607142857142854,0171.wav,copaiba,134.451,3.5,2700.0,3.5,15.0,0.0,15.0,0.0,0.0,0.0,7,128.3055682368451,88530.84208342311
690,11.359,5.5,True,ALUMINUM,SIMPLE,60,70,2.573396331365561,-0.4830127137819445,-0.0335437692027052,0.5442869923135641,0.97405349657273,0.4132279597992276,-1.020246554464033,0.089285714285714,0172.wav,copaiba,121.823,3.5,2700.0,3.5,15.0,0.0,15.0,0.0,0.0,0.0,7,128.3055682368451,88530.84208342311
690,11.359,5.5,True,ALUMINUM,SIMPLE,70,70,0.450570409123985,-0.5878786491828273,-0.4290249073151683,0.8889527821023402,0.2231348282476597,0.0704307697735812,-1.0515688109454069,0.089285714285714,0173.wav,copaiba,141.346,3.5,2700.0,3.5,15.0,0.0,15.0,0.0,0.0,0.0,7,128.3055682368451,88530.84208342311
690,11.359,5.5,True,ALUMINUM,SIMPLE,70,80,-0.4165813973729366,-0.6479483465035983,-0.6563551737775771,-0.2248368018539172,0.6959596930381164,0.5627343022016618,-0.1188901900448356,1.4107142857142854,0174.wav,copaiba,155.282,3.5,2700.0,3.5,15.0,0.0,15.0,0.0,0.0,0.0,7,128.3055682368451,88530.84208342311
690,11.359,5.5,True,ALUMINUM,SIMPLE,80,80,-0.2183166415056155,-0.2997754555739718,-0.7123236891201243,0.1346221494598163,0.7593938647717955,0.2693344138728062,0.6493150097719477,-0.0178571428571428,0175.wav,copaiba,180.738,3.5,2700.0,3.5,15.0,0.0,15.0,0.0,0.0,0.0,7,128.3055682368451,88530.84208342311
690,11.359,5.5,True,ALUMINUM,SIMPLE,80,70,-0.4141351740038218,0.5060291784227747,0.6638790941531775,-0.2506822278662456,0.4409840313810926,-0.2914857369722328,0.2199979121597134,-0.0892857142857144,0176.wav,copaiba,147.987,3.5,2700.0,3.5,15.0,0.0,15.0,0.0,0.0,0.0,7,128.3055682368451,88530.84208342311
550,14.367,5.5,True,ALUMINUM,SIMPLE,60,60,1.710594224124543,-0.8676349681816297,-1.304501860461131,0.5012525657996071,-1.2864548681524346,0.0491183094084451,-1.1993361578549937,-0.1249999999999999,0177.wav,araucaria,117.287,3.5,2700.0,3.5,15.0,0.0,15.0,0.0,0.0,0.0,4,161.62245568552095,88892.35062703652
550,14.367,5.5,True,ALUMINUM,SIMPLE,70,60,0.7076797936154968,0.37427737779163,1.121896619602329,0.7561283243538017,1.4151708106034766,0.3856810784867144,-0.1282693766917874,-0.1607142857142857,0178.wav,araucaria,126.724,3.5,2700.0,3.5,15.0,0.0,15.0,0.0,0.0,0.0,4,161.62245568552095,88892.35062703652
550,14.367,5.5,True,ALUMINUM,SIMPLE,80,60,-0.0175657876087161,0.1144908282745065,0.2432520797434539,0.3082670456965746,0.3207197934853818,0.1626572550779114,-0.230731215980016,0.0535714285714286,0179.wav,araucaria,144.118,3.5,2700.0,3.5,15.0,0.0,15.0,0.0,0.0,0.0,4,161.62245568552095,88892.35062703652
550,14.367,5.5,True,ALUMINUM,SIMPLE,85,60,-0.3708430024119817,0.2474300396986847,0.3832319937081193,-0.1403934633422726,0.5128003919857974,0.187055962460861,0.5830418328533745,0.839285714285714,0180.wav,araucaria,162.132,3.5,2700.0,3.5,15.0,0.0,15.0,0.0,0.0,0.0,4,161.62245568552095,88892.35062703652
550,14.367,5.5,True,ALUMINUM,SIMPLE,85,70,-0.333171265303147,0.6226953661549522,0.8369671439542788,-0.1744314853163864,0.118498300862377,-0.1698286574091649,1.097017904765068,0.4464285714285713,0181.wav,araucaria,169.615,3.5,2700.0,3.5,15.0,0.0,15.0,0.0,0.0,0.0,4,161.62245568552095,88892.35062703652
550,14.367,5.5,True,ALUMINUM,SIMPLE,85,80,-0.4495665715670055,1.2267218225828145,1.3886539605431618,-0.3414785774299126,0.5279118159835766,-0.3947792993354532,1.161258657077815,0.339285714285714,0182.wav,araucaria,190.086,3.5,2700.0,3.5,15.0,0.0,15.0,0.0,0.0,0.0,4,161.62245568552095,88892.35062703652
550,14.367,5.5,True,ALUMINUM,SIMPLE,85,85,-0.4456507437178771,0.1590486393297795,0.0557836191933026,-0.3181087498630782,-0.980645769830638,-0.7855343124337899,0.3549812008723783,-0.4107142857142857,0183.wav,araucaria,212.019,3.5,2700.0,3.5,15.0,0.0,15.0,0.0,0.0,0.0,4,161.62245568552095,88892.35062703652
550,14.367,5.5,True,ALUMINUM,SIMPLE,80,85,-0.4335469730590647,1.0121803226059376,1.137124846840598,-0.2507443799298054,0.8189658886029594,-0.1964505191209176,2.035576916459387,0.089285714285714,0184.wav,araucaria,195.133,3.5,2700.0,3.5,15.0,0.0,15.0,0.0,0.0,0.0,4,161.62245568552095,88892.35062703652
550,14.367,5.5,True,ALUMINUM,SIMPLE,70,85,-0.1134250554422754,0.198882119225735,0.3538524465593762,0.1712070355767861,0.4178917378997172,0.481921348227147,0.2251076309113545,1.089285714285714,0185.wav,araucaria,180.738,3.5,2700.0,3.5,15.0,0.0,15.0,0.0,0.0,0.0,4,161.62245568552095,88892.35062703652
550,14.367,5.5,True,ALUMINUM,SIMPLE,60,85,0.1683500077509881,0.3256957368632495,0.6365523452272667,0.5381457459181941,0.7051743184590257,0.6984460565476063,0.0138412520586897,0.8035714285714285,0186.wav,araucaria,158.633,3.5,2700.0,3.5,15.0,0.0,15.0,0.0,0.0,0.0,4,161.62245568552095,88892.35062703652
550,14.367,5.5,True,ALUMINUM,SIMPLE,60,80,0.467779728500457,0.0749498234855517,0.3232282326498635,0.8529355360783849,0.5629914046804614,0.5905558561983373,-0.2492994069509676,0.3749999999999998,0187.wav,araucaria,147.987,3.5,2700.0,3.5,15.0,0.0,15.0,0.0,0.0,0.0,4,161.62245568552095,88892.35062703652
550,14.367,5.5,True,ALUMINUM,SIMPLE,60,70,0.2609507407960754,-0.0645794398234851,0.001916606425096,0.580610182578434,-0.2350519808430224,-0.0394971653054168,-0.5134507725874534,-0.0178571428571428,0188.wav,araucaria,129.706,3.5,2700.0,3.5,15.0,0.0,15.0,0.0,0.0,0.0,4,161.62245568552095,88892.35062703652
550,14.367,5.5,True,ALUMINUM,SIMPLE,70,70,2.510985905613281,1.1552901088238847,1.1806737525485225,1.6612890374379092,0.9713866411978036,0.2320773079013305,0.7520416263760485,0.232142857142857,0189.wav,araucaria,142.258,3.5,2700.0,3.5,15.0,0.0,15.0,0.0,0.0,0.0,4,161.62245568552095,88892.35062703652
550,14.367,5.5,True,ALUMINUM,SIMPLE,70,80,-0.1675027329937837,0.0348360043791515,-0.0759959250692569,0.200837189330172,0.2491188335690569,0.4171232328919075,-0.0138412520586894,1.089285714285714,0190.wav,araucaria,165.789,3.5,2700.0,3.5,15.0,0.0,15.0,0.0,0.0,0.0,4,161.62245568552095,88892.35062703652
550,14.367,5.5,True,ALUMINUM,SIMPLE,80,80,-0.3891873905035155,0.7390645711614083,0.6311750240477739,-0.199864250981509,0.5026544758237028,0.0683504430849459,1.0179101678535734,0.9107142857142856,0191.wav,araucaria,179.268,3.5,2700.0,3.5,15.0,0.0,15.0,0.0,0.0,0.0,4,161.62245568552095,88892.35062703652
550,14.367,5.5,True,ALUMINUM,SIMPLE,80,70,-0.4096084733765808,0.7725410950713567,1.29304371080258,-0.2571922062927627,0.988505072295022,-0.2359325731445935,0.8919864470549859,-0.5178571428571428,0192.wav,araucaria,150.0,3.5,2700.0,3.5,15.0,0.0,15.0,0.0,0.0,0.0,4,161.62245568552095,88892.35062703652
690,11.359,5.5,True,ALUMINUM,COATED,60,60,1.661458218860414,-0.9797205484437036,-1.2447398172955466,2.485779030705485,0.5814332197866781,0.8000875535603829,-1.2565284055500126,0.4464285714285713,0241.wav,copaiba,120.492,3.5,2700.0,3.5,12.5,2.0,14.5,1.0,1.0,1.0,6,128.3055682368451,88530.84208342311
690,11.359,5.5,True,ALUMINUM,COATED,70,60,0.0381555796085872,-0.8219712518814433,-1.015286401880349,0.6516174418266383,-0.2707292619305977,0.0394704137587662,-1.0303857858636891,0.0178571428571428,0242.wav,copaiba,133.636,3.5,2700.0,3.5,12.5,2.0,14.5,1.0,1.0,1.0,6,128.3055682368451,88530.84208342311
690,11.359,5.5,True,ALUMINUM,COATED,80,60,-0.3509198810381626,0.0077421818929042,-0.0869056998071217,-0.1427561290183228,-0.0661252976176996,-0.2041947811584023,-0.3912082894882324,-0.1607142857142857,0243.wav,copaiba,147.987,3.5,2700.0,3.5,12.5,2.0,14.5,1.0,1.0,1.0,6,128.3055682368451,88530.84208342311
690,11.359,5.5,True,ALUMINUM,COATED,85,60,-0.4448682077183948,-0.812416660522869,-1.203223867296877,-0.3104217746263324,-1.4465167826007546,-0.4346275759817198,-0.86747713398695,1.089285714285714,0244.wav,copaiba,146.026,3.5,2700.0,3.5,12.5,2.0,14.5,1.0,1.0,1.0,6,128.3055682368451,88530.84208342311
690,11.359,5.5,True,ALUMINUM,COATED,85,70,-0.4578893855125453,0.7490134057881032,0.9652868753948768,-0.3607765289970761,0.6571637309055958,-0.5925824598563204,0.9423705983907288,0.9464285714285712,0245.wav,copaiba,168.321,3.5,2700.0,3.5,12.5,2.0,14.5,1.0,1.0,1.0,6,128.3055682368451,88530.84208342311
690,11.359,5.5,True,ALUMINUM,COATED,85,80,-0.4573675300509973,-0.1803403763575571,-0.183089578576579,-0.3579485890511741,-1.142963915432561,-0.9375961721801122,0.986456379932892,-0.1249999999999999,0246.wav,copaiba,200.455,3.5,2700.0,3.5,12.5,2.0,14.5,1.0,1.0,1.0,6,128.3055682368451,88530.84208342311
690,11.359,5.5,True,ALUMINUM,COATED,85,85,-0.4527542077349343,1.1332442125101243,1.3171866382317434,-0.3471462591668016,0.9076742220237286,-0.6018735408885152,1.1580557168630663,-0.9107142857142856,0247.wav,copaiba,220.5,3.5,2700.0,3.5,12.5,2.0,14.5,1.0,1.0,1.0,6,128.3055682368451,88530.84208342311
690,11.359,5.5,True,ALUMINUM,COATED,80,85,-0.3954995380225737,-0.134669963643021,-0.5791533650422711,-0.2054836962187832,-1.171264368966198,-0.6301308445430885,0.2665821160207323,-0.0178571428571428,0248.wav,copaiba,195.133,3.5,2700.0,3.5,12.5,2.0,14.5,1.0,1.0,1.0,6,128.3055682368451,88530.84208342311
690,11.359,5.5,True,ALUMINUM,COATED,70,85,-0.2794809335730699,-0.0254519223671898,0.0317200618184487,0.0392095733942821,0.0169446549100037,0.0604574708968691,0.1106446639262367,0.1607142857142855,0249.wav,copaiba,176.4,3.5,2700.0,3.5,12.5,2.0,14.5,1.0,1.0,1.0,6,128.3055682368451,88530.84208342311
690,11.359,5.5,True,ALUMINUM,COATED,60,85,0.5015524651476864,-0.2932366345095747,-0.0350139190723079,0.7628842741428928,0.346605339250653,0.9579463554952752,-0.0601746247245552,1.4821428571428568,0250.wav,copaiba,191.739,3.5,2700.0,3.5,12.5,2.0,14.5,1.0,1.0,1.0,6,128.3055682368451,88530.84208342311
690,11.359,5.5,True,ALUMINUM,COATED,60,80,-0.2239869080819015,1.444248753112478,1.8886311867491692,-0.0001185999344552,2.601589814939348,0.4420709957087615,0.5253998138492596,-0.2321428571428572,0251.wav,copaiba,147.0,3.5,2700.0,3.5,12.5,2.0,14.5,1.0,1.0,1.0,6,128.3055682368451,88530.84208342311
690,11.359,5.5,True,ALUMINUM,COATED,60,70,1.9189177814968852,-0.9398287620661692,-1.2320460202005807,1.618757426323979,1.17006315215155,0.7816021892723459,-1.1993592084873337,0.089285714285714,0252.wav,copaiba,129.706,3.5,2700.0,3.5,12.5,2.0,14.5,1.0,1.0,1.0,6,128.3055682368451,88530.84208342311
690,11.359,5.5,True,ALUMINUM,COATED,70,70,-0.0465334367210269,0.8579176474529853,0.8696748217894249,0.0586488205223649,0.561507667005576,-0.2125577325640814,0.3948067161710738,-0.5178571428571428,0253.wav,copaiba,148.986,3.5,2700.0,3.5,12.5,2.0,14.5,1.0,1.0,1.0,6,128.3055682368451,88530.84208342311
690,11.359,5.5,True,ALUMINUM,COATED,70,80,0.0594848612271255,-0.1774823727186085,-0.0254281811495219,0.2285053647581216,-0.0201141255060249,0.2502645254074645,0.0325775429824207,-0.2678571428571428,0254.wav,copaiba,158.633,3.5,2700.0,3.5,12.5,2.0,14.5,1.0,1.0,1.0,6,128.3055682368451,88530.84208342311
690,11.359,5.5,True,ALUMINUM,COATED,80,80,-0.3843850941948293,0.3770705410689792,0.3666815335196425,-0.2822070429853944,-0.1101312045099682,-0.5518769069315413,0.7931834615839796,-0.8392857142857143,0255.wav,copaiba,190.086,3.5,2700.0,3.5,12.5,2.0,14.5,1.0,1.0,1.0,6,128.3055682368451,88530.84208342311
690,11.359,5.5,True,ALUMINUM,COATED,80,70,-0.3863245527505744,0.6250970600833935,0.7226454039101476,-0.2620035397020112,0.4061667221037583,-0.3121721287196474,0.4913701714361507,-0.1964285714285714,0256.wav,copaiba,168.321,3.5,2700.0,3.5,12.5,2.0,14.5,1.0,1.0,1.0,6,128.3055682368451,88530.84208342311
550,14.367,5.5,True,ALUMINUM,COATED,60,60,2.0411307628133466,-0.7997719881749558,-0.6792967272028685,3.3682090242024763,0.6442535646305115,1.6485830393094565,-0.7980378968913783,1.803571428571428,0257.wav,araucaria,117.287,3.5,2700.0,3.5,12.5,2.0,14.5,1.0,1.0,1.0,3,161.62245568552095,88892.35062703652
550,14.367,5.5,True,ALUMINUM,COATED,70,60,0.7286982101346027,0.2000570473823109,0.2354016598262611,1.5039133624425718,-0.1527576613042998,0.1643637569036535,-0.3760967022836186,0.339285714285714,0258.wav,araucaria,130.473,3.5,2700.0,3.5,12.5,2.0,14.5,1.0,1.0,1.0,3,161.62245568552095,88892.35062703652
550,14.367,5.5,True,ALUMINUM,COATED,80,60,0.2634568014285574,0.9483749796127774,0.8067217416676096,-0.112429000638741,0.4450160021416793,-0.2690053711461215,0.1579268547571332,-0.6607142857142857,0259.wav,araucaria,144.118,3.5,2700.0,3.5,12.5,2.0,14.5,1.0,1.0,1.0,3,161.62245568552095,88892.35062703652
550,14.367,5.5,True,ALUMINUM,COATED,85,60,-0.4545852507393766,-0.4216712611870753,-0.3114417795848497,-0.3379925195326991,-0.3853865056013169,-0.4093849978853083,-0.2302094184469285,0.6964285714285713,0260.wav,araucaria,146.026,3.5,2700.0,3.5,12.5,2.0,14.5,1.0,1.0,1.0,3,161.62245568552095,88892.35062703652
550,14.367,5.5,True,ALUMINUM,COATED,85,70,-0.4560862136913662,1.2084139557782665,1.5477692730559864,-0.3513298675927058,0.7947221487426237,-0.5183426529713476,1.4087862605303811,-0.1249999999999999,0261.wav,araucaria,169.615,3.5,2700.0,3.5,12.5,2.0,14.5,1.0,1.0,1.0,3,161.62245568552095,88892.35062703652
550,14.367,5.5,True,ALUMINUM,COATED,85,80,-0.304227147856659,1.0043223295858985,1.0320533258533071,-0.2168897900416634,0.5348474855126235,-0.4353657779366591,1.2635444684736172,-0.5178571428571428,0262.wav,araucaria,193.421,3.5,2700.0,3.5,12.5,2.0,14.5,1.0,1.0,1.0,3,161.62245568552095,88892.35062703652
550,14.367,5.5,True,ALUMINUM,COATED,85,85,-0.2189799087451547,1.1568728031047435,1.4856153050718817,-0.2976395617130925,0.6154918450483147,-0.4723665129065676,2.053291534169094,-0.875,0263.wav,araucaria,222.727,3.5,2700.0,3.5,12.5,2.0,14.5,1.0,1.0,1.0,3,161.62245568552095,88892.35062703652
550,14.367,5.5,True,ALUMINUM,COATED,80,85,-0.415449527054936,0.0893257464909163,-0.0721645160839354,-0.2821690838772502,-0.622778562045167,-0.5986389595347195,0.2328821799965311,-0.2321428571428572,0264.wav,araucaria,204.167,3.5,2700.0,3.5,12.5,2.0,14.5,1.0,1.0,1.0,3,161.62245568552095,88892.35062703652
550,14.367,5.5,True,ALUMINUM,COATED,70,85,0.01737510810561,0.3571396714700112,0.5775316905235311,0.5102425864360685,0.7154495738815434,0.6918483725694137,0.6375052458409192,1.625,0265.wav,araucaria,204.167,3.5,2700.0,3.5,12.5,2.0,14.5,1.0,1.0,1.0,3,161.62245568552095,88892.35062703652
550,14.367,5.5,True,ALUMINUM,COATED,60,85,0.226270659058076,-0.3317768612575328,-0.5030519138780795,0.6580546508144359,0.130390342780565,1.1126871890291643,-0.2152335735556874,2.339285714285713,0266.wav,araucaria,173.622,3.5,2700.0,3.5,12.5,2.0,14.5,1.0,1.0,1.0,3,161.62245568552095,88892.35062703652
550,14.367,5.5,True,ALUMINUM,COATED,60,80,0.5719211991905387,-0.1194171354265067,-0.0019166064250956,1.3606013620787454,0.4712797347132218,0.9652250580428056,-0.1397481248690625,1.3392857142857135,0267.wav,araucaria,159.783,3.5,2700.0,3.5,12.5,2.0,14.5,1.0,1.0,1.0,3,161.62245568552095,88892.35062703652
550,14.367,5.5,True,ALUMINUM,COATED,60,70,3.0542192297880786,-0.0920560631611002,-0.0697617680761916,2.9261453702012297,0.1409701912053838,0.4709288184294894,-0.5114744047302601,0.5178571428571428,0268.wav,araucaria,137.812,3.5,2700.0,3.5,12.5,2.0,14.5,1.0,1.0,1.0,3,161.62245568552095,88892.35062703652
550,14.367,5.5,True,ALUMINUM,COATED,70,70,0.0198272087750311,-0.4118248015163283,-0.4646079457541756,0.659508175704188,0.1217209339717511,0.8806988619062917,-0.5864544584271991,1.089285714285714,0269.wav,araucaria,131.25,3.5,2700.0,3.5,12.5,2.0,14.5,1.0,1.0,1.0,3,161.62245568552095,88892.35062703652
550,14.367,5.5,True,ALUMINUM,COATED,70,80,-0.2912173603264005,-0.1824790680706338,-0.4077356941114182,-0.0356821894465066,-0.5257024869462387,0.2221017613832784,0.0661030958771567,1.6607142857142856,0270.wav,araucaria,159.783,3.5,2700.0,3.5,12.5,2.0,14.5,1.0,1.0,1.0,3,161.62245568552095,88892.35062703652
550,14.367,5.5,True,ALUMINUM,COATED,80,80,0.4124960614997559,0.3035873406822255,0.3488232712999236,0.0001185999344552,-0.278293725231211,-0.3899614361867116,0.2652784666402683,-0.5535714285714286,0271.wav,araucaria,182.231,3.5,2700.0,3.5,12.5,2.0,14.5,1.0,1.0,1.0,3,161.62245568552095,88892.35062703652
550,14.367,5.5,True,ALUMINUM,COATED,80,70,-0.4158493688086955,-0.4047860681987976,-0.3597005764701163,-0.2409453866779891,-1.0803829286865867,-0.5791843990323217,-0.1042833733862195,0.089285714285714,0272.wav,araucaria,162.132,3.5,2700.0,3.5,12.5,2.0,14.5,1.0,1.0,1.0,3,161.62245568552095,88892.35062703652
